TaskId,Particpipant,TotalAPICalls,StartTime,EndTime,DurationInSeconds
2,P1.1,5,17:39:25,17:46:56,451
2,P1.10,4,19:36:50,19:38:16,86
2,P1.11,4,19:44:29,19:49:53,323
2,P1.12,1,03:39:21,03:39:21,0
2,P1.13,11,20:07:30,20:16:35,545
2,P1.14,15,20:47:52,20:55:00,427
2,P1.15,12,22:30:22,22:53:47,1404
2,P1.16,4,03:27:39,03:29:43,123
2,P1.2,16,21:17:53,21:27:16,563
2,P1.3,1,22:11:25,22:11:25,0
2,P1.4,1,07:07:34,07:07:34,0
2,P1.5,10,05:44:34,05:53:23,528
2,P1.6,2,21:29:04,21:34:53,348
2,P1.7,7,16:10:39,16:19:49,550
2,P1.8,2,16:49:28,16:50:56,88
2,P1.9,7,20:47:44,20:56:07,502
2,P2.1,3,01:33:12,01:34:05,52
2,P2.10,3,05:26:00,05:29:08,188
2,P2.2,5,06:08:03,06:09:13,70
2,P2.3,18,03:52:09,04:05:25,796
2,P2.5,3,16:26:29,16:27:05,36
2,P2.6,2,21:35:13,21:35:47,34
2,P2.7,6,15:46:46,15:50:46,239
2,P2.8,4,16:02:29,16:05:50,201
2,P2.9,3,11:16:57,11:21:24,267
3,P1.1,7,17:51:05,17:55:00,235
3,P1.10,4,19:39:45,19:41:02,77
3,P1.11,1,19:53:17,19:53:17,0
3,P1.12,1,03:41:26,03:41:26,0
3,P1.13,6,20:12:16,20:17:49,332
3,P1.14,2,20:56:09,20:59:09,180
3,P1.15,1,22:52:34,22:52:34,0
3,P1.16,3,03:30:42,03:31:34,52
3,P1.2,12,21:28:39,21:36:09,450
3,P1.3,2,22:15:28,22:15:53,25
3,P1.4,5,07:09:40,07:18:48,548
3,P1.5,5,05:54:16,05:57:47,211
3,P1.6,11,21:37:29,21:41:36,247
3,P1.7,6,16:23:28,16:24:52,83
3,P1.8,5,16:51:53,16:53:38,105
3,P1.9,3,20:58:31,20:59:15,43
3,P2.1,1,01:34:51,01:34:51,0
3,P2.10,3,05:30:25,05:31:11,46
3,P2.2,1,06:10:40,06:10:40,0
3,P2.3,4,04:08:37,04:09:36,59
3,P2.5,1,16:27:47,16:27:47,0
3,P2.6,1,21:37:53,21:37:53,0
3,P2.7,4,15:52:25,15:55:39,194
3,P2.8,1,16:07:56,16:07:56,0
3,P2.9,3,11:20:03,11:22:14,130
4,P1.1,1,17:57:45,17:57:45,0
4,P1.10,2,19:47:23,19:51:59,276
4,P1.11,2,19:53:53,20:01:34,461
4,P1.12,1,03:47:11,03:47:11,0
4,P1.13,1,20:22:55,20:22:55,0
4,P1.16,2,03:34:07,03:34:12,5
4,P1.2,8,21:40:02,21:45:25,322
4,P1.3,1,22:17:02,22:17:02,0
4,P1.4,7,07:23:08,07:30:47,458
4,P1.5,1,05:59:40,05:59:40,0
4,P1.6,2,21:45:32,21:45:47,14
4,P1.7,3,16:26:47,16:28:38,110
4,P1.8,1,16:56:33,16:56:33,0
4,P1.9,2,21:05:19,21:05:41,22
4,P2.1,1,01:36:08,01:36:08,0
4,P2.10,1,05:31:55,05:31:55,0
4,P2.2,5,06:13:22,06:14:26,63
4,P2.3,5,04:17:06,04:22:24,318
4,P2.5,3,17:05:45,17:06:10,25
4,P2.6,2,21:42:39,21:42:51,11
4,P2.7,11,16:00:03,16:15:32,928
4,P2.8,6,16:09:47,16:10:20,32
4,P2.9,1,11:34:05,11:34:05,0
5,P1.1,3,18:05:07,18:06:38,90
5,P1.10,20,20:02:33,20:53:18,3044
5,P1.11,2,20:07:43,20:08:43,60
5,P1.12,10,03:55:41,04:16:47,1266
5,P1.13,15,20:27:55,20:37:26,571
5,P1.15,1,22:37:28,22:37:28,0
5,P1.16,10,03:38:03,03:48:29,626
5,P1.2,5,21:49:41,21:53:41,239
5,P1.3,5,22:21:11,22:22:36,84
5,P1.4,6,07:36:44,07:43:49,424
5,P1.5,2,06:04:24,06:04:41,17
5,P1.6,21,21:48:25,22:03:42,917
5,P1.7,9,16:29:54,16:42:09,735
5,P1.8,7,17:00:04,17:10:01,597
5,P1.9,11,21:09:04,21:29:48,1243
5,P2.1,1,01:41:01,01:41:01,0
5,P2.10,3,05:39:32,05:42:42,190
5,P2.2,2,06:19:39,06:21:47,127
5,P2.3,13,04:26:58,04:44:58,1079
5,P2.5,1,07:45:11,07:45:11,0
5,P2.6,1,21:47:54,21:47:54,0
5,P2.7,2,16:20:56,16:21:40,44
5,P2.8,4,16:13:21,16:15:18,117
5,P2.9,1,11:51:12,11:51:12,0
6,P1.1,1,18:03:56,18:03:56,0
6,P1.10,2,20:23:51,20:34:34,642
6,P1.11,2,20:09:07,20:10:23,75
6,P1.12,3,04:15:21,04:18:50,209
6,P1.13,1,20:38:51,20:38:51,0
6,P1.15,10,22:38:15,22:49:50,694
6,P1.16,13,03:44:07,03:53:51,584
6,P1.5,5,06:06:16,06:09:33,196
6,P1.7,5,16:42:49,16:45:04,135
6,P1.9,6,21:25:44,21:37:09,685
6,P2.1,5,01:42:03,01:46:35,272
6,P2.10,1,05:43:30,05:43:30,0
6,P2.2,1,06:24:32,06:24:32,0
6,P2.3,3,04:38:20,04:47:19,538
6,P2.5,2,07:45:42,07:51:09,326
6,P2.6,6,21:49:02,21:52:10,187
6,P2.7,3,16:22:55,16:25:04,128
6,P2.8,1,16:16:54,16:16:54,0
6,P2.9,1,11:53:37,11:53:37,0